task_id,title,description,assignee_id,department_id,priority,status,deadline,created_datetime,updated_datetime,booking_id,minute_id,estimated_hours,actual_hours,notes
1,"完成详细设计文档","根据架构评审会议结果完成系统详细设计文档",1,1,"高","完成","2024-01-20","2024-01-15 11:00:00","2024-01-18 14:30:00",1,1,16,18,"设计文档已完成并通过评审"
2,"准备数据库设计方案","设计数据库表结构和索引优化方案",2,2,"高","完成","2024-01-22","2024-01-15 11:00:00","2024-01-20 16:45:00",1,1,12,14,"数据库设计方案已完成"
3,"制定开发时间表","根据项目需求制定详细的开发时间表",3,3,"高","完成","2024-01-18","2024-01-15 11:00:00","2024-01-17 10:20:00",1,1,8,6,"开发时间表已制定并发布"
4,"编写测试用例文档","为新功能编写详细的测试用例文档",2,2,"高","完成","2024-01-20","2024-01-15 16:00:00","2024-01-19 11:30:00",2,2,20,22,"测试用例文档已完成"
5,"准备测试环境","搭建和配置测试环境",14,2,"中","完成","2024-01-22","2024-01-15 16:00:00","2024-01-21 15:20:00",2,2,10,12,"测试环境已搭建完成"
6,"制定自动化测试脚本","开发自动化测试脚本和框架",13,2,"中","完成","2024-01-25","2024-01-15 16:00:00","2024-01-24 16:45:00",2,2,24,26,"自动化测试脚本已完成"
7,"更新产品原型","根据用户体验设计回顾会议更新产品原型",4,4,"高","完成","2024-01-23","2024-01-16 12:30:00","2024-01-22 14:15:00",3,3,14,16,"产品原型已更新"
8,"完成设计规范文档","制定统一的设计规范和标准",6,6,"高","完成","2024-01-25","2024-01-16 12:30:00","2024-01-24 10:30:00",3,3,18,20,"设计规范文档已完成"
9,"准备用户测试方案","制定用户测试计划和执行方案",17,4,"中","完成","2024-01-26","2024-01-16 12:30:00","2024-01-25 13:45:00",3,3,12,14,"用户测试方案已完成"
10,"制定详细推广计划","根据市场推广策略制定详细执行计划",7,7,"高","完成","2024-01-24","2024-01-17 11:30:00","2024-01-23 16:20:00",4,4,16,18,"推广计划已制定完成"
11,"准备推广素材","设计和制作各类推广素材",22,7,"中","完成","2024-01-26","2024-01-17 11:30:00","2024-01-25 14:50:00",4,4,20,22,"推广素材已准备完成"
12,"建立数据监控体系","建立推广效果监控和数据分析体系",21,7,"中","完成","2024-01-28","2024-01-17 11:30:00","2024-01-27 15:30:00",4,4,14,16,"数据监控体系已建立"
13,"修复发现的问题","修复代码评审中发现的性能和安全问题",11,1,"高","完成","2024-01-20","2024-01-17 16:30:00","2024-01-19 17:45:00",5,5,8,10,"问题已修复并通过测试"
14,"更新代码规范文档","更新和完善代码规范文档",12,1,"中","完成","2024-01-22","2024-01-17 16:30:00","2024-01-21 11:20:00",5,5,6,8,"代码规范文档已更新"
15,"制定代码质量检查清单","建立代码质量检查的标准清单",1,1,"中","完成","2024-01-24","2024-01-17 16:30:00","2024-01-23 10:15:00",5,5,4,6,"代码质量检查清单已制定"
16,"制定用户增长策略","基于运营数据分析制定用户增长策略",5,5,"高","完成","2024-01-25","2024-01-18 12:00:00","2024-01-24 16:30:00",6,6,12,14,"用户增长策略已制定"
17,"准备用户行为分析报告","分析用户行为数据并生成报告",18,5,"中","完成","2024-01-26","2024-01-18 12:00:00","2024-01-25 13:20:00",6,6,10,12,"用户行为分析报告已完成"
18,"优化产品功能","根据数据分析结果优化产品功能",19,5,"中","完成","2024-01-28","2024-01-18 12:00:00","2024-01-27 14:45:00",6,6,16,18,"产品功能优化已完成"
19,"整理客户需求文档","整理和分析客户需求反馈",8,8,"高","完成","2024-01-22","2024-01-18 16:30:00","2024-01-21 15:30:00",7,7,8,10,"客户需求文档已整理完成"
20,"制定功能改进计划","根据客户反馈制定功能改进计划",23,8,"高","完成","2024-01-25","2024-01-18 16:30:00","2024-01-24 11:45:00",7,7,12,14,"功能改进计划已制定"
21,"跟进客户满意度调研","持续跟进客户满意度调研工作",24,8,"中","完成","2024-01-30","2024-01-18 16:30:00","2024-01-29 16:20:00",7,7,6,8,"客户满意度调研已完成"
22,"架构设计文档","完善系统架构设计文档",3,3,"高","完成","2024-01-26","2024-01-19 10:30:00","2024-01-25 14:15:00",8,8,20,22,"架构设计文档已完成"
23,"准备容器化方案","制定系统容器化部署方案",15,3,"中","完成","2024-01-28","2024-01-19 10:30:00","2024-01-27 13:30:00",8,8,16,18,"容器化方案已准备完成"
24,"制定数据库优化计划","制定数据库性能优化计划",13,2,"中","完成","2024-01-30","2024-01-19 10:30:00","2024-01-29 15:45:00",8,8,14,16,"数据库优化计划已制定"
25,"完善设计组件库","建立和完善设计组件库",6,6,"高","完成","2024-01-26","2024-01-19 17:00:00","2024-01-25 16:30:00",9,9,24,26,"设计组件库已完善"
26,"制定设计流程文档","制定标准化的设计流程文档",20,6,"中","完成","2024-01-28","2024-01-19 17:00:00","2024-01-27 11:20:00",9,9,12,14,"设计流程文档已制定"
27,"更新产品设计规范","更新产品设计规范和标准",4,4,"中","完成","2024-01-30","2024-01-19 17:00:00","2024-01-29 14:50:00",9,9,10,12,"产品设计规范已更新"
28,"调整项目计划","根据项目进展调整项目计划",1,1,"高","完成","2024-01-22","2024-01-20 10:30:00","2024-01-21 16:45:00",10,10,6,8,"项目计划已调整"
29,"更新任务状态","各团队负责人更新任务执行状态",2,2,"中","完成","2024-01-22","2024-01-20 10:30:00","2024-01-21 17:30:00",10,10,4,6,"任务状态已更新"
30,"制定风险应对方案","制定项目风险识别和应对方案",2,2,"中","完成","2024-01-24","2024-01-20 10:30:00","2024-01-23 14:20:00",10,10,8,10,"风险应对方案已制定"
31,"完善产品路线图","完善产品发展路线图",4,4,"高","完成","2024-01-27","2024-01-20 12:30:00","2024-01-26 15:45:00",11,11,16,18,"产品路线图已完善"
32,"制定功能需求文档","制定详细的功能需求文档",17,4,"高","完成","2024-01-29","2024-01-20 12:30:00","2024-01-28 11:30:00",11,11,20,22,"功能需求文档已制定"
33,"准备市场调研报告","准备市场调研和竞争分析报告",18,5,"中","完成","2024-01-31","2024-01-20 12:30:00","2024-01-30 14:20:00",11,11,14,16,"市场调研报告已准备完成"
34,"制定推广计划","制定品牌推广的详细计划",7,7,"高","完成","2024-01-25","2024-01-20 17:00:00","2024-01-24 16:15:00",12,12,14,16,"推广计划已制定完成"
35,"准备推广素材","准备各类品牌推广素材",22,7,"中","完成","2024-01-27","2024-01-20 17:00:00","2024-01-26 13:45:00",12,12,18,20,"推广素材已准备完成"
36,"建立效果监控体系","建立推广效果监控体系",21,7,"中","完成","2024-01-29","2024-01-20 17:00:00","2024-01-28 15:30:00",12,12,12,14,"效果监控体系已建立"
37,"制定个人发展计划","为员工制定个人职业发展计划",25,9,"中","完成","2024-01-28","2024-01-21 11:30:00","2024-01-27 16:20:00",13,13,6,8,"个人发展计划已制定"
38,"安排相关培训课程","安排员工技能提升培训课程",25,9,"中","完成","2024-01-30","2024-01-21 11:30:00","2024-01-29 13:45:00",13,13,4,6,"培训课程已安排"
39,"定期跟进进展情况","定期跟进员工发展进展",25,9,"低","完成","2024-02-05","2024-01-21 11:30:00","2024-02-02 14:30:00",13,13,2,4,"跟进工作已完成"
40,"完善功能需求文档","完善产品功能需求文档",16,4,"高","完成","2024-01-28","2024-01-21 16:00:00","2024-01-27 15:20:00",14,14,12,14,"功能需求文档已完善"
41,"制定原型设计","制定产品功能原型设计",17,4,"中","完成","2024-01-30","2024-01-21 16:00:00","2024-01-29 11:45:00",14,14,16,18,"原型设计已制定"
42,"准备用户测试方案","准备用户功能测试方案",18,5,"中","完成","2024-02-01","2024-01-21 16:00:00","2024-01-31 14:15:00",14,14,10,12,"用户测试方案已准备"
43,"制定销售话术文档","制定标准化销售话术文档",23,8,"中","完成","2024-01-28","2024-01-21 18:00:00","2024-01-27 16:45:00",15,15,8,10,"销售话术文档已制定"
44,"建立客户管理系统","建立客户关系管理系统",24,8,"高","完成","2024-02-01","2024-01-21 18:00:00","2024-01-31 15:30:00",15,15,20,22,"客户管理系统已建立"
45,"制定销售培训计划","制定销售团队培训计划",8,8,"中","完成","2024-01-30","2024-01-21 18:00:00","2024-01-29 17:20:00",15,15,12,14,"销售培训计划已制定"
46,"优化系统性能","优化系统整体性能表现",11,1,"高","进行中","2024-02-05","2024-01-29 09:00:00","2024-01-30 16:30:00",31,"",24,16,"正在进行性能优化工作"
47,"完善API文档","完善系统API接口文档",12,1,"中","进行中","2024-02-08","2024-01-29 09:00:00","2024-01-31 14:20:00",31,"",16,12,"API文档完善中"
48,"更新设计规范","更新UI设计规范标准",20,6,"中","进行中","2024-02-10","2024-01-29 10:30:00","2024-02-01 11:45:00",32,"",12,8,"设计规范更新中"
49,"制定设计评审流程","制定设计评审标准流程",6,6,"中","进行中","2024-02-12","2024-01-29 10:30:00","2024-02-02 15:30:00",32,"",8,6,"设计评审流程制定中"
50,"竞争对手分析","深入分析主要竞争对手",21,7,"高","进行中","2024-02-08","2024-01-29 14:00:00","2024-02-01 10:15:00",33,"",20,14,"竞争对手分析进行中"
51,"市场定位策略","制定产品市场定位策略",22,7,"高","进行中","2024-02-10","2024-01-29 14:00:00","2024-02-02 13:45:00",33,"",16,12,"市场定位策略制定中"
52,"单元测试培训材料","准备单元测试培训材料",13,2,"中","进行中","2024-02-05","2024-01-29 16:00:00","2024-01-31 16:20:00",34,"",10,8,"培训材料准备中"
53,"测试框架搭建","搭建标准化测试框架",14,2,"中","进行中","2024-02-08","2024-01-29 16:00:00","2024-02-01 14:30:00",34,"",14,10,"测试框架搭建中"
54,"产品发布评估报告","完成产品发布后评估报告",4,4,"高","待处理","2024-02-05","2024-01-30 09:30:00","","",18,0,"等待产品发布完成后开始"
55,"用户反馈收集","收集产品发布后用户反馈",17,4,"中","待处理","2024-02-08","2024-01-30 09:30:00","","",12,0,"等待产品发布完成后开始"
56,"销售数据分析","分析销售数据和趋势",23,8,"中","待处理","2024-02-05","2024-01-30 14:00:00","","",16,0,"等待数据收集完成"
57,"销售策略优化","根据数据分析优化销售策略",8,8,"高","待处理","2024-02-08","2024-01-30 14:00:00","","",14,0,"等待数据分析完成"
58,"月度工作总结","完成1月份工作总结",1,1,"中","待处理","2024-02-02","2024-01-30 16:00:00","","",8,0,"等待月底完成总结"
59,"团队协作优化","优化团队协作流程",2,2,"中","待处理","2024-02-05","2024-01-30 16:00:00","","",10,0,"等待流程梳理完成"
60,"HR政策宣贯","进行HR政策更新宣贯",25,9,"中","待处理","2024-02-02","2024-01-31 10:00:00","","",6,0,"等待政策文件完成"